{"cameraMode":{"drawMode":0,"name":"Shaded","section":"Shading Mode"},"sceneLighting":false,"audioPlay":false,"sceneViewState":{"m_AlwaysRefresh":false,"showFog":true,"showSkybox":false,"showFlares":true,"showImageEffects":true,"showParticleSystems":true,"showVisualEffectGraphs":true,"m_FxEnabled":true},"in2DMode":false,"pivot":{"x":-0.5372042655944824,"y":5.139034748077393,"z":0.052356719970703128},"rotation":{"x":0.008982674218714238,"y":0.06475526094436646,"z":0.0005863766418769956,"w":-0.9978457093238831},"size":4.9405107498168949,"orthographic":true}