{"cameraMode":{"drawMode":0,"name":"Shaded","section":"Shading Mode"},"sceneLighting":false,"audioPlay":false,"sceneViewState":{"m_AlwaysRefresh":false,"showFog":true,"showSkybox":false,"showFlares":true,"showImageEffects":true,"showParticleSystems":true,"showVisualEffectGraphs":true,"m_FxEnabled":true},"in2DMode":false,"pivot":{"x":0.6099134087562561,"y":1.5783294439315797,"z":-2.284973382949829},"rotation":{"x":-0.0015793275088071824,"y":0.9980508685112,"z":-0.05544866994023323,"w":-0.028452713042497636},"size":1.664169430732727,"orthographic":true}