{"cameraMode":{"drawMode":0,"name":"Shaded","section":"Shading Mode"},"sceneLighting":false,"audioPlay":false,"sceneViewState":{"m_AlwaysRefresh":false,"showFog":true,"showSkybox":false,"showFlares":true,"showImageEffects":true,"showParticleSystems":true,"showVisualEffectGraphs":true,"m_FxEnabled":true},"in2DMode":false,"pivot":{"x":-0.5677680969238281,"y":4.992173194885254,"z":-1.5112066268920899},"rotation":{"x":0.008982674218714238,"y":0.06475526094436646,"z":0.0005863766418769956,"w":-0.9978457093238831},"size":14.896090507507325,"orthographic":true}