{"cameraMode":{"drawMode":0,"name":"Shaded","section":"Shading Mode"},"sceneLighting":false,"audioPlay":false,"sceneViewState":{"m_AlwaysRefresh":false,"showFog":true,"showSkybox":false,"showFlares":true,"showImageEffects":true,"showParticleSystems":true,"showVisualEffectGraphs":true,"m_FxEnabled":true},"in2DMode":false,"pivot":{"x":6.645607948303223,"y":6.396448135375977,"z":-1.5884846448898316},"rotation":{"x":-0.2599724531173706,"y":0.5471692085266113,"z":-0.18374887108802796,"w":-0.7740969657897949},"size":0.0020173201337456705,"orthographic":false}