{"cameraMode":{"drawMode":0,"name":"Shaded","section":"Shading Mode"},"sceneLighting":true,"audioPlay":false,"sceneViewState":{"m_AlwaysRefresh":false,"showFog":true,"showSkybox":true,"showFlares":true,"showImageEffects":true,"showParticleSystems":true,"showVisualEffectGraphs":true,"m_FxEnabled":true},"in2DMode":false,"pivot":{"x":0.7484424710273743,"y":2.243429183959961,"z":-6.732746124267578},"rotation":{"x":0.0032828724943101408,"y":0.9920726418495178,"z":-0.1226433515548706,"w":0.026489220559597017},"size":7.611320495605469,"orthographic":false}