{"cameraMode":{"drawMode":0,"name":"Shaded","section":"Shading Mode"},"sceneLighting":false,"audioPlay":false,"sceneViewState":{"m_AlwaysRefresh":false,"showFog":true,"showSkybox":false,"showFlares":true,"showImageEffects":true,"showParticleSystems":true,"showVisualEffectGraphs":true,"m_FxEnabled":true},"in2DMode":false,"pivot":{"x":0.3375244140625,"y":1.8000001907348633,"z":-2.384185791015625e-7},"rotation":{"x":0.008982674218714238,"y":0.06475526094436646,"z":0.0005863766418769956,"w":-0.9978457093238831},"size":5.820684432983398,"orthographic":true}