{"cameraMode":{"drawMode":0,"name":"Shaded","section":"Shading Mode"},"sceneLighting":false,"audioPlay":false,"sceneViewState":{"m_AlwaysRefresh":false,"showFog":true,"showSkybox":false,"showFlares":true,"showImageEffects":true,"showParticleSystems":true,"showVisualEffectGraphs":true,"m_FxEnabled":true},"in2DMode":false,"pivot":{"x":9.431838989257813,"y":0.7402368187904358,"z":0.8983751535415649},"rotation":{"x":-0.20987753570079804,"y":-0.0216981191188097,"z":0.004667472559958696,"w":-0.9774841070175171},"size":3.6472814083099367,"orthographic":false}